Crop,Farmer_Category,Total_Cost_per_q,Distance_km,Wholesale_Price_per_q,Retail_Price_per_q,Middle_Man_Price_per_q,Minimum_Support_Price_per_q,Profit_Wholesale,Profit_Retail,Profit_Middle_Man,Net_Margin_Wholesale (%),Net_Margin_Retail (%),Net_Margin_Middle_Man (%),State,Market_Access_Index,Recommended_Action,Total_Profitability_Score,Infrastructural_Gap_Index,Farmer_Access_Level,Transportation_Cost,Infrastructure_Improvement_Recommendation
Wheat,Medium,1359.6,9,1765.6,1944.6,1663.6,1480.6,406.0,585.0,304.0,23.0,30.08,18.27,Punjab,2.65,Focus on Retail Market,53.08,-165.4,Good,22.5,Optimize Logistics
Rice,Small,962.8,35,1328.8,1612.8,1270.8,1181.8,366.0,650.0,308.0,27.54,40.3,24.24,West Bengal,0.94,Prioritize Wholesale Market,67.84,5.78,Poor,87.5,Improve Market Access
Wheat,Medium,1386.27,23,1850.93,1954.93,1745.93,1578.93,464.66,568.66,359.66,25.1,29.09,20.6,Punjab,1.13,Focus on Retail Market,54.19,-12.9,Moderate,57.5,Enhance Storage Facilities
Cotton,Medium,1319.31,35,1796.69,1961.69,1646.69,1641.69,477.38,642.38,327.38,26.57,32.75,19.88,Gujarat,0.82,Prioritize Wholesale Market,59.32,17.61,Poor,87.5,Improve Market Access
Cotton,Large,1981.0,17,2371.27,2610.27,2277.27,2180.27,390.27,629.27,296.27,16.46,24.11,13.01,Gujarat,1.13,Focus on Retail Market,40.57,-12.69,Moderate,42.5,Enhance Storage Facilities
Rice,Small,1177.09,30,1579.45,1804.45,1507.45,1459.45,402.36,627.36,330.36,25.47,34.77,21.92,West Bengal,0.97,Prioritize Wholesale Market,60.24,2.84,Poor,75.0,Improve Market Access
Chickpea,Small,898.53,9,1214.53,1400.53,1108.53,955.53,316.0,502.0,210.0,26.02,35.84,18.94,Unknown,3.09,Focus on Retail Market,61.86,-209.3,Good,22.5,Optimize Logistics
Finger Millet,Small,991.2,20,1336.87,1448.87,1176.87,1163.87,345.67,457.67,185.67,25.86,31.59,15.78,Unknown,1.37,Focus on Retail Market,57.45,-36.79,Moderate,50.0,Enhance Storage Facilities
Rice,Small,1101.19,48,1612.48,1752.48,1771.48,1407.48,511.29,651.29,670.29,31.71,37.16,37.84,West Bengal,0.7,Reduce Middleman Dependency,68.87,29.72,Poor,120.0,Improve Market Access
Chickpea,Small,985.09,48,1414.43,1686.43,1527.43,1206.43,429.34,701.34,542.34,30.35,41.59,35.51,Unknown,0.73,Reduce Middleman Dependency,71.94,26.59,Poor,120.0,Improve Market Access
Rice,Small,974.42,28,1425.11,1641.11,1311.11,1158.11,450.69,666.69,336.69,31.62,40.62,25.68,West Bengal,1.25,Focus on Retail Market,72.24,-24.55,Moderate,70.0,Enhance Storage Facilities
Rice,Medium,1319.87,8,1657.53,1791.53,1480.53,1537.53,337.66,471.66,160.66,20.37,26.33,10.85,West Bengal,2.59,Focus on Retail Market,46.7,-159.44,Good,20.0,Optimize Logistics
Cotton,Medium,1208.0,34,1555.47,1664.47,1433.47,1370.47,347.47,456.47,225.47,22.34,27.42,15.73,Gujarat,0.71,Prioritize Wholesale Market,49.76,28.91,Poor,85.0,Improve Market Access
Chickpea,Small,780.76,23,1246.41,1521.41,1175.41,1055.41,465.65,740.65,394.65,37.36,48.68,33.58,Unknown,1.79,Focus on Retail Market,86.04,-79.25,Moderate,57.5,Enhance Storage Facilities
Chickpea,Small,997.25,60,1501.25,1667.25,1580.25,1371.25,504.0,670.0,583.0,33.57,40.19,36.89,Unknown,0.6,Reduce Middleman Dependency,73.76,39.54,Poor,150.0,Improve Market Access
Wheat,Small,1000.59,30,1319.77,1475.77,1263.77,1098.77,319.18,475.18,263.18,24.18,32.2,20.82,Punjab,0.91,Prioritize Wholesale Market,56.38,9.06,Poor,75.0,Improve Market Access
Chickpea,Small,647.36,18,1018.36,1243.36,845.36,782.36,371.0,596.0,198.0,36.43,47.93,23.42,Unknown,2.22,Focus on Retail Market,84.36,-122.0,Good,45.0,Optimize Logistics
Rice,Small,842.11,12,1169.44,1439.44,1005.44,1021.44,327.33,597.33,163.33,27.99,41.5,16.24,West Bengal,2.67,Focus on Retail Market,69.49,-167.27,Good,30.0,Optimize Logistics
Cotton,Medium,1308.53,9,1673.0,1783.0,1500.0,1411.0,364.47,474.47,191.47,21.79,26.61,12.76,Gujarat,2.42,Focus on Retail Market,48.4,-142.0,Good,22.5,Optimize Logistics
Chickpea,Small,606.6,30,1047.6,1192.6,975.6,805.6,441.0,586.0,369.0,42.1,49.14,37.82,Unknown,1.47,Focus on Retail Market,91.24,-47.16,Moderate,75.0,Enhance Storage Facilities
Finger Millet,Small,953.26,15,1360.74,1586.74,1185.74,1093.74,407.48,633.48,232.48,29.95,39.92,19.61,Unknown,2.18,Focus on Retail Market,69.87,-118.34,Good,37.5,Optimize Logistics
Chickpea,Medium,1353.82,18,1763.64,1875.64,1708.64,1477.64,409.82,521.82,354.82,23.24,27.82,20.77,Unknown,1.34,Focus on Retail Market,51.06,-34.37,Moderate,45.0,Enhance Storage Facilities
Chickpea,Small,981.87,13,1395.13,1630.13,1251.13,1286.13,413.26,648.26,269.26,29.62,39.77,21.52,Unknown,2.48,Focus on Retail Market,69.39,-147.82,Good,32.5,Optimize Logistics
Chickpea,Small,645.14,22,946.14,1099.14,880.14,649.14,301.0,454.0,235.0,31.81,41.31,26.7,Unknown,1.59,Focus on Retail Market,73.12,-58.96,Moderate,55.0,Enhance Storage Facilities
Cotton,Medium,1331.23,60,1922.0,2072.0,1975.0,1692.0,590.77,740.77,643.77,30.74,35.75,32.6,Gujarat,0.55,Reduce Middleman Dependency,66.49,45.5,Poor,150.0,Improve Market Access
Wheat,Small,913.22,10,1338.0,1592.0,1190.0,1064.0,424.78,678.78,276.78,31.75,42.64,23.26,Punjab,3.38,Focus on Retail Market,74.39,-238.14,Good,25.0,Optimize Logistics
Rice,Large,1939.82,28,2319.09,2470.09,2131.09,2020.09,379.27,530.27,191.27,16.35,21.47,8.98,West Bengal,0.65,Prioritize Wholesale Market,37.82,34.79,Poor,70.0,Improve Market Access
Rice,Small,827.33,22,1143.71,1268.71,1069.71,927.71,316.38,441.38,242.38,27.66,34.79,22.66,West Bengal,1.36,Focus on Retail Market,62.45,-35.76,Moderate,55.0,Enhance Storage Facilities
Wheat,Small,624.7,24,1045.87,1242.87,900.87,888.87,421.17,618.17,276.17,40.27,49.74,30.66,Punjab,1.8,Focus on Retail Market,90.01,-80.02,Moderate,60.0,Enhance Storage Facilities
Finger Millet,Small,1038.17,36,1443.17,1736.17,1338.17,1313.17,405.0,698.0,300.0,28.06,40.2,22.42,Unknown,0.92,Prioritize Wholesale Market,68.26,7.76,Poor,90.0,Improve Market Access
Wheat,Small,939.04,56,1403.04,1585.04,1589.04,1294.04,464.0,646.0,650.0,33.07,40.76,40.91,Punjab,0.65,Reduce Middleman Dependency,73.83,35.24,Poor,140.0,Improve Market Access
Chickpea,Medium,1511.9,26,1891.9,2036.9,1815.9,1717.9,380.0,525.0,304.0,20.09,25.77,16.74,Unknown,0.85,Prioritize Wholesale Market,45.86,15.07,Poor,65.0,Improve Market Access
Chickpea,Small,1161.0,52,1627.94,1814.94,1735.94,1514.94,466.94,653.94,574.94,28.68,36.03,33.12,Unknown,0.61,Reduce Middleman Dependency,64.71,38.95,Poor,130.0,Improve Market Access
Rice,Small,742.11,40,1127.22,1233.22,935.22,927.22,385.11,491.11,193.11,34.16,39.82,20.65,West Bengal,0.9,Prioritize Wholesale Market,73.98,9.78,Poor,100.0,Improve Market Access
Wheat,Small,998.04,33,1389.78,1574.78,1213.78,1221.78,391.74,576.74,215.74,28.19,36.62,17.77,Punjab,0.95,Prioritize Wholesale Market,64.81,4.69,Poor,82.5,Improve Market Access
Rice,Small,664.82,32,1116.55,1306.55,963.55,908.55,451.73,641.73,298.73,40.46,49.12,31.0,West Bengal,1.36,Focus on Retail Market,89.58,-35.73,Moderate,80.0,Enhance Storage Facilities
Chickpea,Small,1114.7,11,1521.61,1784.61,1390.61,1318.61,406.91,669.91,275.91,26.74,37.54,19.84,Unknown,2.68,Focus on Retail Market,64.28,-167.83,Good,27.5,Optimize Logistics
Rice,Small,870.89,27,1207.89,1448.89,1088.89,1024.89,337.0,578.0,218.0,27.9,39.89,20.02,West Bengal,1.21,Focus on Retail Market,67.79,-21.05,Moderate,67.5,Enhance Storage Facilities
Finger Millet,Medium,1751.75,24,2217.75,2473.75,2032.75,2088.75,466.0,722.0,281.0,21.01,29.19,13.82,Unknown,1.0,Focus on Retail Market,50.2,-0.4,Moderate,60.0,Enhance Storage Facilities
Rice,Medium,1321.88,17,1725.88,1894.88,1619.88,1478.88,404.0,573.0,298.0,23.41,30.24,18.4,West Bengal,1.49,Focus on Retail Market,53.65,-49.03,Moderate,42.5,Enhance Storage Facilities
Rice,Large,1906.17,39,2416.67,2610.67,2251.67,2287.67,510.5,704.5,345.5,21.12,26.99,15.34,West Bengal,0.6,Prioritize Wholesale Market,48.11,39.86,Poor,97.5,Improve Market Access
Cotton,Medium,1366.31,18,1675.56,1859.56,1601.56,1529.56,309.25,493.25,235.25,18.46,26.53,14.69,Gujarat,1.18,Focus on Retail Market,44.99,-18.39,Moderate,45.0,Enhance Storage Facilities
Rice,Small,936.59,7,1324.5,1561.5,1145.5,1069.5,387.91,624.91,208.91,29.29,40.02,18.24,West Bengal,4.33,Focus on Retail Market,69.31,-333.19,Good,17.5,Optimize Logistics
Finger Millet,Medium,1690.54,26,2149.54,2410.54,2014.54,1918.54,459.0,720.0,324.0,21.35,29.87,16.08,Unknown,0.95,Prioritize Wholesale Market,51.22,5.15,Poor,65.0,Improve Market Access
Finger Millet,Large,1826.08,23,2303.92,2453.92,2214.92,2134.92,477.84,627.84,388.84,20.74,25.59,17.56,Unknown,0.97,Prioritize Wholesale Market,46.33,3.48,Poor,57.5,Improve Market Access
Wheat,Small,655.77,31,989.23,1215.23,937.23,741.23,333.46,559.46,281.46,33.71,46.04,30.03,Punjab,1.25,Focus on Retail Market,79.75,-24.61,Moderate,77.5,Enhance Storage Facilities
Finger Millet,Small,1183.83,10,1468.61,1669.61,1298.61,1224.61,284.78,485.78,114.78,19.39,29.1,8.84,Unknown,2.2,Focus on Retail Market,48.49,-120.41,Good,25.0,Optimize Logistics
Chickpea,Small,972.35,6,1320.0,1489.0,1192.0,1155.0,347.65,516.65,219.65,26.34,34.7,18.43,Unknown,4.36,Focus on Retail Market,61.04,-336.0,Good,15.0,Optimize Logistics
Rice,Small,732.0,52,1165.33,1435.33,1314.33,913.33,433.33,703.33,582.33,37.19,49.0,44.31,West Bengal,0.81,Reduce Middleman Dependency,86.19,18.69,Poor,130.0,Improve Market Access
Cotton,Small,1189.33,13,1519.44,1624.44,1455.44,1319.44,330.11,435.11,266.11,21.73,26.79,18.28,Gujarat,1.73,Focus on Retail Market,48.52,-73.29,Moderate,32.5,Enhance Storage Facilities
Chickpea,Small,648.5,55,1017.08,1293.08,1145.08,873.08,368.58,644.58,496.58,36.24,49.85,43.37,Unknown,0.77,Reduce Middleman Dependency,86.09,23.13,Poor,137.5,Improve Market Access
Chickpea,Medium,1425.6,46,1951.6,2073.6,2105.6,1701.6,526.0,648.0,680.0,26.95,31.25,32.29,Unknown,0.62,Reduce Middleman Dependency,58.2,38.09,Poor,115.0,Improve Market Access
Rice,Small,922.41,28,1307.76,1597.76,1182.76,1031.76,385.35,675.35,260.35,29.47,42.27,22.01,West Bengal,1.24,Focus on Retail Market,71.74,-23.69,Moderate,70.0,Enhance Storage Facilities
Cotton,Small,771.5,34,1152.33,1341.33,1097.33,1039.33,380.83,569.83,325.83,33.05,42.48,29.69,Gujarat,1.08,Focus on Retail Market,75.53,-7.9,Moderate,85.0,Enhance Storage Facilities
Rice,Small,1117.9,40,1530.9,1729.9,1436.9,1240.9,413.0,612.0,319.0,26.98,35.38,22.2,West Bengal,0.76,Prioritize Wholesale Market,62.36,23.95,Poor,100.0,Improve Market Access
Chickpea,Small,815.78,10,1155.52,1392.52,1050.52,876.52,339.74,576.74,234.74,29.4,41.42,22.35,Unknown,3.22,Focus on Retail Market,70.82,-221.91,Good,25.0,Optimize Logistics
Wheat,Small,993.04,55,1375.61,1517.61,1566.61,1119.61,382.57,524.57,573.57,27.81,34.57,36.61,Punjab,0.56,Reduce Middleman Dependency,62.38,44.3,Poor,137.5,Improve Market Access
Rice,Large,1937.27,27,2436.0,2542.0,2333.0,2273.0,498.73,604.73,395.73,20.47,23.79,16.96,West Bengal,0.79,Prioritize Wholesale Market,44.26,20.96,Poor,67.5,Improve Market Access
Wheat,Medium,1437.73,36,1924.36,2179.36,1803.36,1645.36,486.63,741.63,365.63,25.29,34.03,20.27,Punjab,0.8,Prioritize Wholesale Market,59.32,19.84,Poor,90.0,Improve Market Access
Rice,Small,748.37,33,1136.21,1257.21,1074.21,858.21,387.84,508.84,325.84,34.13,40.47,30.33,West Bengal,1.1,Focus on Retail Market,74.6,-9.71,Moderate,82.5,Enhance Storage Facilities
Rice,Small,790.62,25,1141.75,1355.75,1048.75,855.75,351.12,565.12,258.13,30.75,41.68,24.61,West Bengal,1.39,Focus on Retail Market,72.43,-39.29,Moderate,62.5,Enhance Storage Facilities
Chickpea,Small,1152.08,59,1769.92,2059.92,1954.92,1525.92,617.84,907.84,802.84,34.91,44.07,41.07,Unknown,0.66,Reduce Middleman Dependency,78.98,34.18,Poor,147.5,Improve Market Access
Chickpea,Small,820.19,25,1249.71,1476.71,1110.71,1027.71,429.52,656.52,290.52,34.37,44.46,26.16,Unknown,1.52,Focus on Retail Market,78.83,-51.6,Moderate,62.5,Enhance Storage Facilities
Rice,Small,901.22,8,1301.44,1504.44,1173.44,1007.44,400.22,603.22,272.22,30.75,40.1,23.2,West Bengal,3.94,Focus on Retail Market,70.85,-293.61,Good,20.0,Optimize Logistics
Chickpea,Medium,1659.71,15,1970.29,2170.29,1792.29,1675.29,310.58,510.58,132.58,15.76,23.53,7.4,Unknown,1.23,Focus on Retail Market,39.29,-22.78,Moderate,37.5,Enhance Storage Facilities
Rice,Medium,1231.27,44,1737.27,1954.27,1927.27,1536.27,506.0,723.0,696.0,29.13,37.0,36.11,West Bengal,0.73,Reduce Middleman Dependency,66.13,26.52,Poor,110.0,Improve Market Access
Wheat,Small,1165.35,26,1488.35,1655.35,1336.35,1225.35,323.0,490.0,171.0,21.7,29.6,12.8,Punjab,0.95,Prioritize Wholesale Market,51.3,5.0,Poor,65.0,Improve Market Access
Finger Millet,Small,802.35,49,1166.87,1392.87,1303.87,911.87,364.52,590.52,501.52,31.24,42.4,38.46,Unknown,0.74,Reduce Middleman Dependency,73.64,26.36,Poor,122.5,Improve Market Access
Rice,Small,971.0,50,1389.7,1660.7,1585.7,1162.7,418.7,689.7,614.7,30.13,41.53,38.77,West Bengal,0.7,Reduce Middleman Dependency,71.66,29.75,Poor,125.0,Improve Market Access
Wheat,Medium,1251.19,15,1565.06,1703.06,1388.06,1390.06,313.87,451.87,136.87,20.05,26.53,9.86,Punjab,1.46,Focus on Retail Market,46.58,-45.56,Moderate,37.5,Enhance Storage Facilities
Finger Millet,Small,1059.67,43,1484.25,1668.25,1552.25,1328.25,424.58,608.58,492.58,28.61,36.48,31.73,Unknown,0.74,Reduce Middleman Dependency,65.09,26.03,Poor,107.5,Improve Market Access
Cotton,Medium,1439.8,32,1822.47,1951.47,1764.47,1681.47,382.67,511.67,324.67,21.0,26.22,18.4,Gujarat,0.72,Prioritize Wholesale Market,47.22,28.45,Poor,80.0,Improve Market Access
Chickpea,Small,635.29,19,1036.52,1260.52,856.52,844.52,401.23,625.23,221.23,38.71,49.6,25.83,Unknown,2.21,Focus on Retail Market,88.31,-120.77,Good,47.5,Optimize Logistics
Wheat,Small,1024.18,9,1395.09,1574.09,1318.09,1212.09,370.91,549.91,293.91,26.59,34.94,22.3,Punjab,3.08,Focus on Retail Market,61.53,-207.65,Good,22.5,Optimize Logistics
Finger Millet,Small,983.2,28,1337.2,1457.2,1154.2,1062.2,354.0,474.0,171.0,26.47,32.53,14.82,Unknown,1.02,Focus on Retail Market,59.0,-1.72,Moderate,70.0,Enhance Storage Facilities
Rice,Medium,1675.5,22,2147.17,2333.17,2026.17,1970.17,471.67,657.67,350.67,21.97,28.19,17.31,West Bengal,1.09,Focus on Retail Market,50.16,-9.04,Moderate,55.0,Enhance Storage Facilities
Finger Millet,Small,698.0,19,1025.88,1176.88,946.88,727.88,327.88,478.88,248.88,31.96,40.69,26.28,Unknown,1.82,Focus on Retail Market,72.65,-81.62,Moderate,47.5,Enhance Storage Facilities
Wheat,Small,1016.3,56,1529.04,1737.04,1703.04,1275.04,512.74,720.74,686.74,33.53,41.49,40.32,Punjab,0.66,Reduce Middleman Dependency,75.02,34.19,Poor,140.0,Improve Market Access
Wheat,Small,1080.27,44,1494.93,1647.93,1593.93,1261.93,414.66,567.66,513.66,27.74,34.45,32.23,Punjab,0.69,Reduce Middleman Dependency,62.19,30.9,Poor,110.0,Improve Market Access
Cotton,Small,741.26,15,1155.74,1359.74,1019.74,897.74,414.48,618.48,278.48,35.86,45.49,27.31,Gujarat,2.54,Focus on Retail Market,81.35,-154.22,Good,37.5,Optimize Logistics
Wheat,Small,1143.58,40,1522.84,1666.84,1430.84,1225.84,379.26,523.26,287.26,24.9,31.39,20.08,Punjab,0.69,Prioritize Wholesale Market,56.29,31.35,Poor,100.0,Improve Market Access
Cotton,Small,818.93,51,1239.93,1455.93,1339.93,1105.93,421.0,637.0,521.0,33.95,43.75,38.88,Gujarat,0.75,Reduce Middleman Dependency,77.7,25.29,Poor,127.5,Improve Market Access
Rice,Small,1039.29,8,1310.96,1553.96,1182.96,1189.96,271.67,514.67,143.67,20.72,33.12,12.14,West Bengal,2.99,Focus on Retail Market,53.84,-199.11,Good,20.0,Optimize Logistics
Finger Millet,Small,895.75,29,1369.38,1582.38,1233.38,1094.38,473.63,686.63,337.63,34.59,43.39,27.37,Unknown,1.3,Focus on Retail Market,77.98,-29.97,Moderate,72.5,Enhance Storage Facilities
Chickpea,Small,1076.33,35,1546.0,1782.0,1376.0,1402.0,469.67,705.67,299.67,30.38,39.6,21.78,Unknown,0.97,Prioritize Wholesale Market,69.98,2.81,Poor,87.5,Improve Market Access
Chickpea,Small,894.92,25,1328.08,1448.08,1223.08,1033.08,433.16,553.16,328.16,32.62,38.2,26.83,Unknown,1.36,Focus on Retail Market,70.82,-36.19,Moderate,62.5,Enhance Storage Facilities
Rice,Small,970.61,26,1426.13,1696.13,1314.13,1315.13,455.52,725.52,343.52,31.94,42.78,26.14,West Bengal,1.38,Focus on Retail Market,74.72,-38.37,Moderate,65.0,Enhance Storage Facilities
Chickpea,Medium,1227.4,41,1693.07,1844.07,1835.07,1562.07,465.67,616.67,607.67,27.5,33.44,33.11,Unknown,0.73,Reduce Middleman Dependency,60.94,27.45,Poor,102.5,Improve Market Access
Wheat,Small,772.59,21,1196.35,1370.35,996.35,913.35,423.76,597.76,223.76,35.42,43.62,22.46,Punjab,1.8,Focus on Retail Market,79.04,-79.64,Moderate,52.5,Enhance Storage Facilities
Cotton,Small,1045.28,24,1360.28,1555.28,1188.28,1094.28,315.0,510.0,143.0,23.16,32.79,12.03,Gujarat,1.12,Focus on Retail Market,55.95,-11.9,Moderate,60.0,Enhance Storage Facilities
Wheat,Small,1180.94,13,1523.06,1693.06,1442.06,1276.06,342.12,512.12,261.12,22.46,30.25,18.11,Punjab,1.88,Focus on Retail Market,52.71,-88.25,Moderate,32.5,Enhance Storage Facilities
Cotton,Small,669.54,54,1110.04,1321.04,1221.04,826.04,440.5,651.5,551.5,39.68,49.32,45.17,Gujarat,0.81,Reduce Middleman Dependency,89.0,19.09,Poor,135.0,Improve Market Access
Wheat,Small,627.83,19,972.13,1175.13,914.13,752.13,344.3,547.3,286.3,35.42,46.57,31.32,Punjab,2.05,Focus on Retail Market,81.99,-104.97,Good,47.5,Optimize Logistics
Wheat,Small,1196.93,25,1644.27,1892.27,1545.27,1373.27,447.34,695.34,348.34,27.21,36.75,22.54,Punjab,1.23,Focus on Retail Market,63.96,-23.0,Moderate,62.5,Enhance Storage Facilities
Cotton,Small,643.2,19,1056.2,1164.2,919.2,867.2,413.0,521.0,276.0,39.1,44.75,30.03,Gujarat,2.1,Focus on Retail Market,83.85,-109.62,Good,47.5,Optimize Logistics
Cotton,Small,750.08,16,1047.08,1215.08,879.08,939.08,297.0,465.0,129.0,28.36,38.27,14.67,Gujarat,1.96,Focus on Retail Market,66.63,-95.97,Moderate,40.0,Enhance Storage Facilities
Wheat,Small,957.96,45,1429.78,1640.78,1548.78,1178.78,471.82,682.82,590.82,33.0,41.62,38.15,Punjab,0.81,Reduce Middleman Dependency,74.62,18.89,Poor,112.5,Improve Market Access
Wheat,Medium,1518.69,14,1970.54,2137.54,1807.54,1765.54,451.85,618.85,288.85,22.93,28.95,15.98,Punjab,1.73,Focus on Retail Market,51.88,-72.93,Moderate,35.0,Enhance Storage Facilities
Rice,Small,712.06,59,1145.94,1430.94,1226.94,996.94,433.88,718.88,514.88,37.86,50.24,41.96,West Bengal,0.73,Reduce Middleman Dependency,88.1,26.58,Poor,147.5,Improve Market Access
Chickpea,Small,705.25,21,1143.88,1399.88,955.88,960.88,438.63,694.63,250.63,38.35,49.62,26.22,Unknown,2.0,Focus on Retail Market,87.97,-99.93,Moderate,52.5,Enhance Storage Facilities
Wheat,Medium,1251.07,50,1798.64,2031.64,1924.64,1684.64,547.57,780.57,673.57,30.44,38.42,35.0,Punjab,0.68,Reduce Middleman Dependency,68.86,32.49,Poor,125.0,Improve Market Access
Cotton,Small,877.96,25,1317.3,1479.3,1133.3,1108.3,439.34,601.34,255.34,33.35,40.65,22.53,Gujarat,1.42,Focus on Retail Market,74.0,-42.31,Moderate,62.5,Enhance Storage Facilities
Chickpea,Small,507.92,54,878.92,1082.92,1026.92,743.92,371.0,575.0,519.0,42.21,53.1,50.54,Unknown,0.87,Reduce Middleman Dependency,95.31,13.35,Poor,135.0,Improve Market Access
Chickpea,Small,728.83,33,1203.5,1479.5,1061.5,929.5,474.67,750.67,332.67,39.44,50.74,31.34,Unknown,1.33,Focus on Retail Market,90.18,-32.62,Moderate,82.5,Enhance Storage Facilities
Wheat,Medium,1351.47,14,1658.13,1893.13,1459.13,1544.13,306.66,541.66,107.66,18.49,28.61,7.38,Punjab,1.57,Focus on Retail Market,47.1,-57.0,Moderate,35.0,Enhance Storage Facilities
Chickpea,Small,1004.29,26,1343.19,1539.19,1224.19,1122.19,338.9,534.9,219.9,25.23,34.75,17.96,Unknown,1.11,Focus on Retail Market,59.98,-11.07,Moderate,65.0,Enhance Storage Facilities
Chickpea,Medium,1604.25,24,2051.25,2303.25,1971.25,1754.25,447.0,699.0,367.0,21.79,30.35,18.62,Unknown,1.04,Focus on Retail Market,52.14,-4.28,Moderate,60.0,Enhance Storage Facilities
Finger Millet,Small,1014.89,18,1433.26,1605.26,1260.26,1288.26,418.37,590.37,245.37,29.19,36.78,19.47,Unknown,1.74,Focus on Retail Market,65.97,-73.61,Moderate,45.0,Enhance Storage Facilities
Finger Millet,Small,1182.08,35,1604.92,1840.92,1457.92,1486.92,422.84,658.84,275.84,26.35,35.79,18.92,Unknown,0.86,Prioritize Wholesale Market,62.14,13.69,Poor,87.5,Improve Market Access
Finger Millet,Small,857.6,58,1439.93,1628.93,1635.93,1260.93,582.33,771.33,778.33,40.44,47.35,47.58,Unknown,0.74,Reduce Middleman Dependency,87.79,25.6,Poor,145.0,Improve Market Access
Wheat,Small,1038.0,13,1429.55,1577.55,1230.55,1220.55,391.55,539.55,192.55,27.39,34.2,15.65,Punjab,2.2,Focus on Retail Market,61.59,-119.96,Good,32.5,Optimize Logistics
Finger Millet,Small,902.85,50,1362.15,1530.15,1445.15,1113.15,459.3,627.3,542.3,33.72,41.0,37.53,Unknown,0.73,Reduce Middleman Dependency,74.72,26.75,Poor,125.0,Improve Market Access
Chickpea,Large,2147.2,39,2703.2,2926.2,2530.2,2526.2,556.0,779.0,383.0,20.57,26.62,15.14,Unknown,0.59,Prioritize Wholesale Market,47.19,41.01,Poor,97.5,Improve Market Access
Rice,Large,2123.0,41,2672.0,2966.0,2851.0,2488.0,549.0,843.0,728.0,20.55,28.42,25.53,West Bengal,0.58,Reduce Middleman Dependency,48.97,41.7,Poor,102.5,Improve Market Access
Rice,Small,890.11,49,1392.22,1662.22,1499.22,1097.22,502.11,772.11,609.11,36.07,46.45,40.63,West Bengal,0.83,Reduce Middleman Dependency,82.52,17.48,Poor,122.5,Improve Market Access
Rice,Small,1033.89,47,1521.44,1678.44,1701.44,1385.44,487.55,644.55,667.55,32.05,38.4,39.23,West Bengal,0.73,Reduce Middleman Dependency,70.45,26.61,Poor,117.5,Improve Market Access
Wheat,Small,854.76,58,1220.76,1351.76,1319.76,1100.76,366.0,497.0,465.0,29.98,36.77,35.23,Punjab,0.57,Reduce Middleman Dependency,66.75,43.43,Poor,145.0,Improve Market Access
Finger Millet,Small,927.96,36,1320.96,1496.96,1255.96,1144.96,393.0,569.0,328.0,29.75,38.01,26.12,Unknown,0.92,Prioritize Wholesale Market,67.76,8.43,Poor,90.0,Improve Market Access
Wheat,Medium,1413.62,31,1853.5,1957.5,1773.5,1749.5,439.88,543.88,359.88,23.73,27.78,20.29,Punjab,0.8,Prioritize Wholesale Market,51.51,19.52,Poor,77.5,Improve Market Access
Rice,Medium,1536.2,55,2108.53,2230.53,2290.53,1880.53,572.33,694.33,754.33,27.14,31.13,32.93,West Bengal,0.52,Reduce Middleman Dependency,58.27,47.97,Poor,137.5,Improve Market Access
Rice,Small,778.0,27,1231.38,1450.38,1065.38,1012.38,453.38,672.38,287.38,36.82,46.36,26.97,West Bengal,1.49,Focus on Retail Market,83.18,-48.54,Moderate,67.5,Enhance Storage Facilities
Finger Millet,Large,1939.91,9,2317.82,2564.82,2235.82,2035.82,377.91,624.91,295.91,16.3,24.36,13.23,Unknown,2.03,Focus on Retail Market,40.66,-103.3,Good,22.5,Optimize Logistics
Rice,Small,570.18,51,1062.09,1266.09,1216.09,801.09,491.91,695.91,645.91,46.32,54.97,53.11,West Bengal,0.97,Reduce Middleman Dependency,101.29,2.61,Poor,127.5,Improve Market Access
Rice,Medium,1339.19,26,1809.44,2026.44,1670.44,1570.44,470.25,687.25,331.25,25.99,33.91,19.83,West Bengal,1.11,Focus on Retail Market,59.9,-10.93,Moderate,65.0,Enhance Storage Facilities
Rice,Medium,1291.4,35,1804.07,1905.07,1625.07,1658.07,512.67,613.67,333.67,28.42,32.21,20.53,West Bengal,0.84,Prioritize Wholesale Market,60.63,15.79,Poor,87.5,Improve Market Access
Rice,Small,1195.8,8,1544.8,1806.8,1494.8,1425.8,349.0,611.0,299.0,22.59,33.82,20.0,West Bengal,3.13,Focus on Retail Market,56.41,-213.39,Good,20.0,Optimize Logistics
Cotton,Small,976.53,11,1408.88,1587.88,1331.88,1214.88,432.35,611.35,355.35,30.69,38.5,26.68,Gujarat,2.88,Focus on Retail Market,69.19,-188.29,Good,27.5,Optimize Logistics
Wheat,Medium,1248.42,37,1712.79,1918.79,1549.79,1431.79,464.37,670.37,301.37,27.11,34.94,19.45,Punjab,0.82,Prioritize Wholesale Market,62.05,18.36,Poor,92.5,Improve Market Access
Rice,Small,652.86,18,1036.77,1289.77,911.77,750.77,383.91,636.91,258.91,37.03,49.38,28.4,West Bengal,2.27,Focus on Retail Market,86.41,-127.39,Good,45.0,Optimize Logistics
Chickpea,Small,828.52,9,1139.95,1245.95,990.95,1007.95,311.43,417.43,162.43,27.32,33.5,16.39,Unknown,3.04,Focus on Retail Market,60.82,-204.1,Good,22.5,Optimize Logistics
Finger Millet,Small,1112.05,6,1428.05,1703.05,1334.05,1186.05,316.0,591.0,222.0,22.13,34.7,16.64,Unknown,4.06,Focus on Retail Market,56.83,-305.93,Good,15.0,Optimize Logistics
Wheat,Small,795.87,30,1177.87,1303.87,1011.87,986.87,382.0,508.0,216.0,32.43,38.96,21.35,Punjab,1.15,Focus on Retail Market,71.39,-15.15,Moderate,75.0,Enhance Storage Facilities
Rice,Small,711.95,23,1057.45,1262.45,921.45,956.45,345.5,550.5,209.5,32.67,43.61,22.74,West Bengal,1.59,Focus on Retail Market,76.28,-58.92,Moderate,57.5,Enhance Storage Facilities
Wheat,Small,607.76,56,971.76,1081.76,1171.76,767.76,364.0,474.0,564.0,37.46,43.82,48.13,Punjab,0.71,Reduce Middleman Dependency,81.28,28.7,Poor,140.0,Improve Market Access
Rice,Small,1106.21,27,1493.64,1637.64,1404.64,1276.64,387.43,531.43,298.43,25.94,32.45,21.25,West Bengal,1.04,Focus on Retail Market,58.39,-4.27,Moderate,67.5,Enhance Storage Facilities
Cotton,Small,852.65,46,1341.94,1640.94,1534.94,1056.94,489.29,788.29,682.29,36.46,48.04,44.45,Gujarat,0.9,Reduce Middleman Dependency,84.5,10.11,Poor,115.0,Improve Market Access
Rice,Medium,1549.47,53,1998.13,2272.13,2152.13,1771.13,448.66,722.66,602.66,22.45,31.81,28.0,West Bengal,0.5,Reduce Middleman Dependency,54.26,49.76,Poor,132.5,Improve Market Access
Chickpea,Small,967.07,46,1396.36,1692.36,1552.36,1107.36,429.29,725.29,585.29,30.74,42.86,37.7,Unknown,0.78,Reduce Middleman Dependency,73.6,21.7,Poor,115.0,Improve Market Access
Finger Millet,Small,1119.33,16,1543.0,1717.0,1387.0,1423.0,423.67,597.67,267.67,27.46,34.81,19.3,Unknown,1.83,Focus on Retail Market,62.27,-83.15,Moderate,40.0,Enhance Storage Facilities
Finger Millet,Small,801.32,59,1204.41,1366.41,1382.41,1016.41,403.09,565.09,581.09,33.47,41.36,42.03,Unknown,0.62,Reduce Middleman Dependency,74.83,37.64,Poor,147.5,Improve Market Access
Cotton,Medium,1316.67,7,1717.0,1939.0,1554.0,1592.0,400.33,622.33,237.33,23.32,32.1,15.27,Gujarat,3.46,Focus on Retail Market,55.42,-246.38,Good,17.5,Optimize Logistics
Rice,Small,730.78,35,1185.87,1444.87,1096.87,977.87,455.09,714.09,366.09,38.38,49.42,33.38,West Bengal,1.22,Focus on Retail Market,87.8,-21.94,Moderate,87.5,Enhance Storage Facilities
Wheat,Small,898.12,40,1372.76,1646.76,1298.76,1158.76,474.64,748.64,400.64,34.58,45.46,30.85,Punjab,0.98,Prioritize Wholesale Market,80.04,2.39,Poor,100.0,Improve Market Access
Finger Millet,Small,954.13,12,1341.22,1501.22,1187.22,1102.22,387.09,547.09,233.09,28.86,36.44,19.63,Unknown,2.51,Focus on Retail Market,65.3,-151.15,Good,30.0,Optimize Logistics
Finger Millet,Medium,1515.31,50,2022.56,2224.56,2165.56,1764.56,507.25,709.25,650.25,25.08,31.88,30.03,Unknown,0.56,Reduce Middleman Dependency,56.96,44.16,Poor,125.0,Improve Market Access
Finger Millet,Medium,1356.25,34,1846.92,1991.92,1655.92,1680.92,490.67,635.67,299.67,26.57,31.91,18.1,Unknown,0.84,Prioritize Wholesale Market,58.48,16.46,Poor,85.0,Improve Market Access
Wheat,Small,883.35,60,1356.82,1483.82,1418.82,1245.82,473.47,600.47,535.47,34.9,40.47,37.74,Punjab,0.62,Reduce Middleman Dependency,75.37,38.22,Poor,150.0,Improve Market Access
Chickpea,Medium,1405.69,44,1948.92,2220.92,2048.92,1685.92,543.23,815.23,643.23,27.87,36.71,31.39,Unknown,0.72,Reduce Middleman Dependency,64.58,28.24,Poor,110.0,Improve Market Access
Cotton,Small,802.95,15,1101.45,1389.45,942.45,882.45,298.5,586.5,139.5,27.1,42.21,14.8,Gujarat,2.17,Focus on Retail Market,69.31,-116.59,Good,37.5,Optimize Logistics
Chickpea,Medium,1550.6,54,2086.6,2234.6,2279.6,1942.6,536.0,684.0,729.0,25.69,30.61,31.98,Unknown,0.51,Reduce Middleman Dependency,56.3,48.82,Poor,135.0,Improve Market Access
Sugarcane,Medium,1652.38,46,2238.14,2440.57,2105.46,1836.14,585.76,788.19,453.08,26.17,47.7,27.42,Maharashtra,2.75,Focus on Retail Market,686.98,49.62,Poor,79.84,Optimize Logistics
Soybean,Small,1140.02,12,1713.03,1982.76,1661.43,1257.64,573.01,842.74,521.41,33.45,73.92,45.74,Maharashtra,1.01,Prioritize Wholesale Market,707.88,-12.75,Poor,27.81,Enhance Storage Facilities
Sugarcane,Medium,1803.84,50,2587.39,2888.93,2515.61,2051.37,783.55,1085.09,711.77,30.28,60.15,39.46,Maharashtra,2.81,Prioritize Wholesale Market,934.32,39.04,Moderate,68.05,Enhance Storage Facilities
Soybean,Medium,844.35,44,1578.22,1773.71,1433.44,1062.15,733.87,929.36,589.09,46.5,110.07,69.77,Maharashtra,1.63,Prioritize Wholesale Market,831.62,-34.21,Good,31.83,Optimize Logistics
Cotton,Medium,1031.51,23,1366.55,1687.18,1233.2,1153.12,335.04,655.67,201.69,24.52,63.56,19.55,Maharashtra,2.07,Focus on Retail Market,495.36,19.56,Good,24.64,Enhance Storage Facilities
Soybean,Large,957.45,28,1658.16,1943.41,1542.38,1211.69,700.71,985.96,584.93,42.26,102.98,61.09,Maharashtra,2.71,Focus on Retail Market,843.34,-45.41,Moderate,79.92,Enhance Storage Facilities
Cotton,Small,1627.47,43,2135.47,2527.23,2083.99,1915.45,508.0,899.76,456.52,23.79,55.29,28.05,Maharashtra,1.0,Focus on Retail Market,703.88,18.41,Good,58.58,Enhance Storage Facilities
Soybean,Large,1876.95,23,2645.17,2834.87,2512.09,2156.59,768.22,957.92,635.14,29.04,51.04,33.84,Maharashtra,1.74,Focus on Retail Market,863.07,-6.34,Poor,54.32,Enhance Storage Facilities
Sugarcane,Medium,1190.52,47,1664.67,1892.41,1602.28,1487.27,474.15,701.89,411.76,28.48,58.96,34.59,Maharashtra,0.59,Focus on Retail Market,588.02,-0.82,Poor,43.83,Optimize Logistics
Soybean,Small,1475.61,46,1924.67,2222.52,1859.33,1703.25,449.06,746.91,383.72,23.33,50.62,26.0,Maharashtra,0.62,Focus on Retail Market,597.99,-23.38,Poor,38.25,Enhance Storage Facilities
Groundnut,Medium,810.6,39,1287.47,1620.99,1216.17,1008.21,476.87,810.39,405.57,37.04,99.97,50.03,Tamil Nadu,0.55,Focus on Retail Market,643.63,-11.62,Poor,60.63,Enhance Storage Facilities
Banana,Large,1926.21,13,2660.54,2994.46,2603.93,2090.67,734.33,1068.25,677.72,27.6,55.46,35.18,Tamil Nadu,1.15,Prioritize Wholesale Market,901.29,-12.58,Good,52.77,Optimize Logistics
Rice,Small,1710.23,42,2151.19,2468.4,2005.68,1854.92,440.96,758.17,295.45,20.5,44.33,17.28,Tamil Nadu,2.72,Prioritize Wholesale Market,599.56,-21.78,Moderate,76.29,Improve Market Access
Banana,Medium,818.58,40,1214.49,1476.12,1132.07,1108.13,395.91,657.54,313.49,32.6,80.33,38.3,Tamil Nadu,1.37,Focus on Retail Market,526.73,-24.26,Good,20.2,Enhance Storage Facilities
Rice,Medium,1250.4,10,1798.3,2008.58,1725.65,1455.56,547.9,758.18,475.25,30.47,60.63,38.01,Tamil Nadu,1.67,Focus on Retail Market,653.04,-17.81,Moderate,49.4,Improve Market Access
Rice,Medium,918.69,15,1560.51,1936.85,1476.21,1110.07,641.82,1018.16,557.52,41.13,110.83,60.69,Tamil Nadu,2.68,Focus on Retail Market,829.99,22.5,Moderate,83.15,Enhance Storage Facilities
Groundnut,Large,1158.22,46,1608.06,1809.28,1516.78,1414.47,449.84,651.06,358.56,27.97,56.21,30.96,Tamil Nadu,2.69,Prioritize Wholesale Market,550.45,48.34,Moderate,79.65,Optimize Logistics
Banana,Small,952.31,9,1353.39,1521.32,1206.01,1068.89,401.08,569.01,253.7,29.64,59.75,26.64,Tamil Nadu,0.88,Focus on Retail Market,485.04,-21.67,Poor,47.35,Improve Market Access
Groundnut,Large,1555.42,27,1974.69,2164.65,1848.53,1842.95,419.27,609.23,293.11,21.23,39.17,18.84,Tamil Nadu,2.83,Prioritize Wholesale Market,514.25,6.59,Moderate,66.08,Improve Market Access
Banana,Large,1872.54,8,2446.97,2648.1,2387.99,2023.42,574.43,775.56,515.45,23.48,41.42,27.53,Tamil Nadu,0.96,Prioritize Wholesale Market,674.99,18.59,Moderate,29.79,Optimize Logistics
Coffee,Small,1523.59,47,1919.47,2264.03,1852.06,1815.44,395.88,740.44,328.47,20.62,48.6,21.56,Karnataka,1.39,Focus on Retail Market,568.16,-21.64,Poor,82.11,Improve Market Access
Ragi,Large,1886.97,28,2581.92,2960.82,2469.89,2143.72,694.95,1073.85,582.92,26.92,56.91,30.89,Karnataka,2.18,Focus on Retail Market,884.4,46.52,Poor,80.36,Enhance Storage Facilities
Ragi,Small,1502.89,7,1865.83,2086.48,1730.31,1681.76,362.94,583.59,227.42,19.45,38.83,15.13,Karnataka,0.84,Prioritize Wholesale Market,473.26,-11.13,Moderate,58.03,Improve Market Access
Tur,Medium,1023.5,15,1595.28,1899.37,1516.29,1220.63,571.78,875.87,492.79,35.84,85.58,48.15,Karnataka,1.43,Focus on Retail Market,723.83,3.33,Moderate,91.8,Improve Market Access
Ragi,Large,1271.17,39,1911.9,2117.51,1820.73,1430.61,640.73,846.34,549.56,33.51,66.58,43.23,Karnataka,1.48,Focus on Retail Market,743.54,28.3,Moderate,49.29,Enhance Storage Facilities
Coffee,Small,1993.84,5,2599.14,2965.92,2449.26,2234.8,605.3,972.08,455.42,23.29,48.75,22.84,Karnataka,1.45,Focus on Retail Market,788.69,39.08,Good,75.77,Improve Market Access
Tur,Medium,921.22,33,1704.74,2044.51,1584.49,1149.45,783.52,1123.29,663.27,45.96,121.94,72.0,Karnataka,0.87,Prioritize Wholesale Market,953.4,-20.31,Good,25.53,Optimize Logistics
Coffee,Small,1157.4,43,1533.93,1865.84,1433.56,1337.53,376.53,708.44,276.16,24.55,61.21,23.86,Karnataka,1.2,Prioritize Wholesale Market,542.49,-46.75,Poor,31.38,Optimize Logistics
Coffee,Medium,1502.0,8,2116.14,2432.11,2020.06,1699.52,614.14,930.11,518.06,29.02,61.92,34.49,Karnataka,2.86,Prioritize Wholesale Market,772.12,-44.88,Moderate,62.62,Optimize Logistics
Ragi,Medium,1468.97,41,1924.49,2306.54,1857.4,1628.89,455.52,837.57,388.43,23.67,57.02,26.44,Karnataka,1.5,Focus on Retail Market,646.55,-38.79,Moderate,48.62,Optimize Logistics
Wheat,Large,1205.31,32,1881.68,2078.19,1775.33,1401.99,676.37,872.88,570.02,35.95,72.42,47.29,Uttar Pradesh,0.87,Focus on Retail Market,774.62,-45.58,Poor,34.7,Improve Market Access
Rice,Large,1498.4,24,2215.37,2398.6,2100.12,1658.51,716.97,900.2,601.72,32.36,60.08,40.16,Uttar Pradesh,1.65,Focus on Retail Market,808.59,-36.84,Good,56.76,Optimize Logistics
Rice,Large,1243.93,9,1809.87,2150.23,1683.89,1517.24,565.94,906.3,439.96,31.27,72.86,35.37,Uttar Pradesh,1.33,Prioritize Wholesale Market,736.12,-10.17,Moderate,57.74,Optimize Logistics
Wheat,Small,1393.19,27,1814.95,2122.38,1681.98,1533.15,421.76,729.19,288.79,23.24,52.34,20.73,Uttar Pradesh,0.81,Focus on Retail Market,575.48,-24.17,Moderate,20.21,Optimize Logistics
Rice,Large,1981.24,20,2333.07,2647.92,2195.25,2129.83,351.83,666.68,214.01,15.08,33.65,10.8,Uttar Pradesh,1.03,Focus on Retail Market,509.25,41.67,Poor,96.55,Improve Market Access
Rice,Large,1823.02,33,2379.05,2638.6,2317.06,1971.52,556.03,815.58,494.04,23.37,44.74,27.1,Uttar Pradesh,0.79,Focus on Retail Market,685.81,4.35,Moderate,91.2,Enhance Storage Facilities
Wheat,Small,1482.79,19,2235.64,2472.89,2108.13,1627.27,752.85,990.1,625.34,33.67,66.77,42.17,Uttar Pradesh,1.01,Prioritize Wholesale Market,871.48,-42.58,Moderate,91.11,Optimize Logistics
Wheat,Small,836.11,29,1203.79,1487.95,1152.98,1028.37,367.68,651.84,316.87,30.54,77.96,37.9,Uttar Pradesh,2.32,Focus on Retail Market,509.76,39.9,Moderate,32.27,Enhance Storage Facilities
Rice,Large,1178.28,36,1839.95,2039.08,1744.35,1415.13,661.67,860.8,566.07,35.96,73.06,48.04,Uttar Pradesh,1.38,Prioritize Wholesale Market,761.23,35.51,Good,45.72,Improve Market Access
Sugarcane,Large,1681.58,16,2115.19,2374.16,2048.7,1972.01,433.61,692.58,367.12,20.5,41.19,21.83,Uttar Pradesh,1.66,Prioritize Wholesale Market,563.1,17.98,Moderate,63.01,Optimize Logistics
Wheat,Medium,1186.24,28,1895.17,2059.62,1798.67,1425.9,708.93,873.38,612.43,37.41,73.63,51.63,Madhya Pradesh,1.95,Focus on Retail Market,791.15,-29.62,Good,87.14,Optimize Logistics
Gram,Small,1234.79,38,1825.49,2136.51,1718.31,1379.01,590.7,901.72,483.52,32.36,73.03,39.16,Madhya Pradesh,1.64,Prioritize Wholesale Market,746.21,37.95,Moderate,84.3,Optimize Logistics
Wheat,Small,1925.49,37,2579.43,2835.23,2494.75,2078.06,653.94,909.74,569.26,25.35,47.25,29.56,Madhya Pradesh,2.79,Focus on Retail Market,781.84,-46.14,Good,51.58,Enhance Storage Facilities
Gram,Small,1231.04,8,2015.34,2387.62,1894.47,1492.73,784.3,1156.58,663.43,38.92,93.95,53.89,Madhya Pradesh,2.2,Prioritize Wholesale Market,970.44,31.98,Good,57.31,Optimize Logistics
Wheat,Medium,1484.98,10,1966.9,2201.25,1836.55,1673.87,481.92,716.27,351.57,24.5,48.23,23.68,Madhya Pradesh,1.96,Focus on Retail Market,599.1,-25.62,Moderate,96.56,Enhance Storage Facilities
Soybean,Large,1528.76,30,2043.93,2300.68,1931.46,1749.58,515.17,771.92,402.7,25.2,50.49,26.34,Madhya Pradesh,1.67,Prioritize Wholesale Market,643.54,40.39,Good,26.0,Optimize Logistics
Wheat,Medium,1663.18,16,2460.16,2809.67,2316.12,1779.35,796.98,1146.49,652.94,32.4,68.93,39.26,Madhya Pradesh,1.51,Prioritize Wholesale Market,971.74,-16.16,Good,86.28,Enhance Storage Facilities
Soybean,Small,1957.03,39,2402.87,2776.02,2341.85,2223.6,445.84,818.99,384.82,18.55,41.85,19.66,Madhya Pradesh,2.21,Focus on Retail Market,632.41,-0.24,Good,87.91,Enhance Storage Facilities
Gram,Large,1674.99,48,2438.92,2633.54,2374.39,1830.74,763.93,958.55,699.4,31.32,57.23,41.76,Madhya Pradesh,2.14,Focus on Retail Market,861.24,43.01,Good,83.58,Improve Market Access
Soybean,Medium,1038.99,45,1463.81,1656.21,1413.41,1290.36,424.82,617.22,374.42,29.02,59.41,36.04,Madhya Pradesh,1.09,Prioritize Wholesale Market,521.02,-41.42,Good,48.19,Optimize Logistics
